,area,prediction
0,1000,244001.9286403086
1,1500,327656.70202507236
2,2300,461504.33944069437
3,3540,668968.1774349085
4,4120,766007.7145612345
5,4560,839623.9151398265
6,5490,995221.7936354871
7,3460,655583.4136933463
8,4750,871412.7290260368
9,2300,461504.33944069437
10,9000,1582478.3027965287
11,8600,1515554.4840887177
12,7100,1264590.1639344264
